timestamp_ms,stream_type,seq,packet_bytes,decrypt_time_ms,latency_ms,jitter_ms,packet_lost,underrun,queue_size,decode_ok,play_ok
1774052521296,audio,0,2098,8.691688999533653,4,0,0,0,1,1,1
1774052521340,audio,1,2098,0.10082099925057264,2,2,0,0,2,1,1
1774052521341,audio,2,2098,0.07078500038915081,3,1,0,0,3,1,1
1774052521363,audio,3,2098,0.09908799984259531,2,1,0,0,4,1,1
1774052521387,audio,4,2098,0.11535900011949707,2,0,0,0,5,1,1
1774052521410,audio,5,2098,0.10637199920893181,2,0,0,0,6,1,1
1774052521435,audio,6,2098,0.11058899963245494,4,2,0,0,7,1,1
1774052521457,audio,7,2098,0.10666300022421638,2,2,0,0,8,1,1
1774052521480,audio,8,2098,0.08714500017958926,2,0,0,0,9,1,1
1774052521504,audio,9,2098,0.08628299929114291,3,1,0,0,10,1,1
1774052521509,video,0,18438,0.13037699955020798,6,0,0,0,0,1,1
1774052521527,audio,10,2098,0.1323610003964859,2,1,0,0,11,1,1
1774052521550,audio,11,2098,0.11938700026803417,2,0,0,0,12,1,1
1774052521573,audio,12,2098,0.12174099992989795,2,0,0,0,13,1,1
1774052521597,audio,13,2098,0.1081749996956205,3,1,0,0,14,1,1
1774052521620,audio,14,2098,0.10908700005529681,2,1,0,0,15,1,1
1774052521644,audio,15,2098,0.0951410002016928,3,1,0,0,16,1,1
1774052521667,audio,16,2098,0.11931600056414027,3,0,0,0,17,1,1
1774052521690,audio,17,2098,0.09822599986364366,2,1,0,0,18,1,1
1774052521702,video,1,18466,0.11668099978123792,167,161,0,0,0,1,1
1774052521706,video,2,19808,0.10999900041497312,131,36,0,0,0,1,1
1774052521710,video,3,19671,0.11365600039425772,68,63,0,0,0,1,1
1774052521713,audio,18,2098,0.08798700037004892,2,0,0,0,19,1,1
1774052521713,video,4,19503,0.10500899952603504,4,64,0,0,0,1,1
1774052521736,audio,19,2098,0.08143400009430479,2,0,0,0,20,1,1
1774052521759,audio,20,2098,0.08487099967169343,2,0,0,0,17,1,1
1774052521779,video,5,19365,0.10773400026664604,4,0,0,0,0,1,1
1774052521783,audio,21,2098,0.07866899977670982,2,0,0,0,17,1,1
1774052521806,audio,22,2098,0.08637400060251821,2,0,0,0,18,1,1
1774052521829,audio,23,2098,0.09174400020128815,2,0,0,0,17,1,1
1774052521845,video,6,19296,0.10718300018197624,3,1,0,0,0,1,1
1774052521853,audio,24,2098,0.07526300032623112,2,0,0,0,18,1,1
1774052521876,audio,25,2098,0.09496099937678082,2,0,0,0,17,1,1
1774052521899,audio,26,2098,0.07895999988249969,2,0,0,0,18,1,1
1774052521912,video,7,19225,0.12916499963466777,3,0,0,0,0,1,1
1774052521922,audio,27,2098,0.0721970000086003,2,0,0,0,17,1,1
1774052521946,audio,28,2098,0.1453360000596149,2,0,0,0,16,1,1
1774052521970,audio,29,2098,0.10797399954753928,3,1,0,0,17,1,1
1774052521981,video,8,19162,0.13304200001584832,6,3,0,0,0,1,1
1774052521992,audio,30,2098,0.10694200045691105,2,1,0,0,16,1,1
1774052522016,audio,31,2098,0.10558999929344282,3,1,0,0,17,1,1
1774052522039,audio,32,2098,0.08645399975648616,2,1,0,0,17,1,1
1774052522045,video,9,19105,0.10666199978004443,3,3,0,0,0,1,1
1774052522062,audio,33,2098,0.1061509992723586,2,0,0,0,18,1,1
1774052522086,audio,34,2098,0.10808500064740656,3,1,0,0,17,1,1
1774052522109,audio,35,2098,0.1087259997802903,2,1,0,0,18,1,1
1774052522113,video,10,19056,0.13271199986775173,4,1,0,0,0,1,1
1774052522132,audio,36,2098,0.08586300009483239,2,0,0,0,17,1,1
1774052522155,audio,37,2098,0.10643199948390247,2,0,0,0,18,1,1
1774052522180,audio,38,2098,0.27260800015938,4,2,0,0,17,1,1
1774052522180,video,11,19084,0.3346049998071976,4,0,0,0,0,1,1
1774052522202,audio,39,2098,0.086935000581434,2,2,0,0,16,1,1
1774052522225,audio,40,2098,0.10642200049915118,2,0,0,0,17,1,1
1774052522246,video,12,19062,0.14233000001695473,3,1,0,0,0,1,1
1774052522248,audio,41,2098,0.08703499952389393,2,0,0,0,16,1,1
1774052522272,audio,42,2098,0.10067100083688274,2,0,0,0,17,1,1
1774052522295,audio,43,2098,0.0876160002007964,2,0,0,0,17,1,1
1774052522313,video,13,18985,0.11348499992891448,4,1,0,0,0,1,1
1774052522318,audio,44,2098,0.08742600039113313,2,0,0,0,18,1,1
1774052522342,audio,45,2098,0.08066299960773904,3,1,0,0,17,1,1
1774052522365,audio,46,2098,0.08744600017962512,2,1,0,0,18,1,1
1774052522379,video,14,19001,0.10598100016068202,3,1,0,0,0,1,1
1774052522388,audio,47,2098,0.3229630001442274,2,0,0,0,17,1,1
1774052522411,audio,48,2098,0.07921999986137962,2,0,0,0,18,1,1
1774052522435,audio,49,2098,0.07833900053810794,3,1,0,0,17,1,1
1774052522446,video,15,18977,0.1308880000578938,3,0,0,0,0,1,1
1774052522458,audio,50,2098,0.07905999973445432,2,1,0,0,16,1,1
1774052522481,audio,51,2098,0.07931999971333425,2,0,0,0,17,1,1
1774052522504,audio,52,2098,0.07828900015738327,2,0,0,0,16,1,1
1774052522513,video,16,18960,0.11936600003537023,3,0,0,0,0,1,1
1774052522528,audio,53,2098,0.09306700030720094,2,0,0,0,17,1,1
1774052522551,audio,54,2098,0.0791709999248269,2,0,0,0,17,1,1
1774052522574,audio,55,2098,0.07725600062258309,2,0,0,0,18,1,1
1774052522580,video,17,18938,0.13164000029064482,4,1,0,0,0,1,1
1774052522598,audio,56,2098,0.07655499939573929,3,1,0,0,17,1,1
1774052522621,audio,57,2098,0.08266700024250895,2,1,0,0,18,1,1
1774052522645,audio,58,2098,0.06988299992372049,3,1,0,0,17,1,1
1774052522646,video,18,18902,0.10607100011839066,3,1,0,0,0,1,1
1774052522670,audio,59,2098,0.1499940008216072,5,2,0,0,16,1,1
1774052522691,audio,60,2098,0.08451000030618161,2,3,0,0,17,1,1
1774052522713,video,19,15130,0.09635300011723302,3,0,0,0,0,1,1
1774052522714,audio,61,2098,0.12932499976159306,2,0,0,0,16,1,1
1774052522737,audio,62,2098,0.08333899950230261,2,0,0,0,17,1,1
1774052522760,audio,63,2098,0.08252699990407564,2,0,0,0,16,1,1
1774052522780,video,20,14160,0.1011119993563625,4,1,0,0,0,1,1
1774052522784,audio,64,2098,0.08067300041147973,2,0,0,0,17,1,1
1774052522807,audio,65,2098,0.07689600079174852,2,0,0,0,17,1,1
1774052522830,audio,66,2098,0.07736699990346096,2,0,0,0,18,1,1
1774052522846,video,21,16541,0.12106000031053554,3,1,0,0,0,1,1
1774052522854,audio,67,2098,0.0776169999880949,2,0,0,0,17,1,1
1774052522877,audio,68,2098,0.08106299992505228,2,0,0,0,18,1,1
1774052522900,audio,69,2098,0.08137500026350608,2,0,0,0,17,1,1
1774052522913,video,22,19260,0.13053700058662798,3,0,0,0,0,1,1
1774052522923,audio,70,2098,0.0822870006231824,2,0,0,0,18,1,1
1774052522947,audio,71,2098,0.10341699999116827,2,0,0,0,17,1,1
1774052522970,audio,72,2098,0.08334799986187136,2,0,0,0,16,1,1
1774052522980,video,23,16579,0.1297469998462475,3,0,0,0,0,1,1
1774052522993,audio,73,2098,0.08179499945981661,2,0,0,0,17,1,1
1774052523017,audio,74,2098,0.0798719993326813,3,1,0,0,16,1,1
1774052523040,audio,75,2098,0.07970100068632746,2,1,0,0,17,1,1
1774052523046,video,24,11459,0.09938800030795392,3,0,0,0,0,1,1
1774052523063,audio,76,2098,0.0863839995872695,2,0,0,0,17,1,1
1774052523086,audio,77,2098,0.10812499931489583,2,0,0,0,18,1,1
1774052523110,audio,78,2098,0.11754299976018956,2,0,0,0,17,1,1
1774052523113,video,25,9658,0.11862500014103716,3,0,0,0,0,1,1
1774052523133,audio,79,2098,0.10679199931473704,2,0,0,0,18,1,1
1774052523156,audio,80,2098,0.10698300047806697,2,0,0,0,17,1,1
1774052523180,audio,81,2098,0.08699499994690996,3,1,0,0,18,1,1
1774052523179,video,26,12749,0.1219810001202859,2,1,0,0,0,1,1
1774052523203,audio,82,2098,0.10727399967436213,2,1,0,0,17,1,1
1774052523226,audio,83,2098,0.08604300001024967,2,0,0,0,16,1,1
1774052523247,video,27,15604,0.10286500037182122,4,2,0,0,0,1,1
1774052523249,audio,84,2098,0.08134400013659615,2,0,0,0,17,1,1
1774052523273,audio,85,2098,0.0787799999670824,3,1,0,0,16,1,1
1774052523296,audio,86,2098,0.09363800018036272,2,1,0,0,17,1,1
1774052523313,video,28,18558,0.13249200037535047,3,1,0,0,0,1,1
1774052523320,audio,87,2098,0.07591400026285555,3,1,0,0,17,1,1
1774052523349,audio,88,2098,0.093046000074537,9,6,0,0,18,1,1
1774052523366,audio,89,2098,0.13535700054490007,2,7,0,0,17,1,1
1774052523380,video,29,16021,0.10355599988542963,3,0,0,0,0,1,1
1774052523389,audio,90,2098,0.10831599956873106,2,0,0,0,18,1,1
1774052523412,audio,91,2098,0.08655400051793549,2,0,0,0,17,1,1
1774052523436,audio,92,2098,0.10609099990688264,3,1,0,0,18,1,1
1774052523447,video,30,16443,0.10997899971698644,3,0,0,0,0,1,1
1774052523459,audio,93,2098,0.1072429995474522,2,1,0,0,17,1,1
1774052523482,audio,94,2098,0.08658399929117877,2,0,0,0,16,1,1
1774052523505,audio,95,2098,0.10959800056298263,2,0,0,0,17,1,1
1774052523514,video,31,18436,0.17835899961937685,4,1,0,0,0,1,1
1774052523529,audio,96,2098,0.08613299996795831,2,0,0,0,16,1,1
1774052523552,audio,97,2098,0.10762500005512265,2,0,0,0,17,1,1
1774052523575,audio,98,2098,0.10898700020334218,2,0,0,0,16,1,1
1774052523581,video,32,19822,0.10651200045685982,4,0,0,0,0,1,1
1774052523599,audio,99,2098,0.10788500003400259,3,1,0,0,17,1,1
1774052523622,audio,100,2098,0.10835600005520973,2,1,0,0,17,1,1
1774052523646,audio,101,2098,0.10878600005526096,3,1,0,0,18,1,1
1774052523647,video,33,17875,0.10472799931449117,3,1,0,0,0,1,1
1774052523668,audio,102,2098,0.10669299990695436,2,1,0,0,17,1,1
1774052523692,audio,103,2098,0.08839699967211345,3,1,0,0,18,1,1
1774052523714,video,34,17873,0.10735399973782478,3,0,0,0,0,1,1
1774052523715,audio,104,2098,0.10534000011830358,2,1,0,0,17,1,1
1774052523738,audio,105,2098,0.08275700020021759,2,0,0,0,16,1,1
1774052523762,audio,106,2098,0.10643199948390247,3,1,0,0,17,1,1
1774052523781,video,35,18280,0.11859499954880448,4,1,0,0,0,1,1
1774052523785,audio,107,2098,0.11387599988665897,2,1,0,0,16,1,1
1774052523808,audio,108,2098,0.08213500041165389,2,0,0,0,17,1,1
1774052523831,audio,109,2098,0.09794600009627175,2,0,0,0,16,1,1
1774052523847,video,36,19037,0.13389400010055397,3,1,0,0,0,1,1
1774052523855,audio,110,2098,0.09215499994752463,3,1,0,0,17,1,1
1774052523878,audio,111,2098,0.0871560005180072,2,1,0,0,17,1,1
1774052523901,audio,112,2098,0.0854620002428419,2,0,0,0,18,1,1
1774052523914,video,37,19476,0.13249200037535047,3,0,0,0,0,1,1
1774052523924,audio,113,2098,0.07295900013559731,2,0,0,0,17,1,1
1774052523948,audio,114,2098,0.07024400019872701,2,0,0,0,18,1,1
1774052523971,audio,115,2098,0.06968299931031652,2,0,0,0,17,1,1
1774052523981,video,38,19685,0.10670300071069505,3,0,0,0,0,1,1
1774052523994,audio,116,2098,0.07178700070653576,2,0,0,0,16,1,1
1774052524017,audio,117,2098,0.10651199954736512,2,0,0,0,17,1,1
1774052524041,audio,118,2098,0.10612200003379257,2,0,0,0,16,1,1
1774052524049,video,39,19062,0.11621999965427676,5,2,0,0,0,1,1
1774052524065,audio,119,2098,0.10687200028769439,3,1,0,0,17,1,1
1774052524087,audio,120,2098,0.10534900047787232,2,1,0,0,16,1,1
1774052524111,audio,121,2098,0.08630400043330155,2,0,0,0,17,1,1
1774052524114,video,40,18793,0.10346599992772099,3,2,0,0,0,1,1
1774052524134,audio,122,2098,0.07995200030563865,2,0,0,0,17,1,1
1774052524157,audio,123,2098,0.08026199975574855,2,0,0,0,18,1,1
1774052524181,audio,124,2098,0.15070599965838483,3,1,0,0,17,1,1
1774052524181,video,41,18563,0.24118700002873084,3,0,0,0,0,1,1
1774052524204,audio,125,2098,0.07523200019932119,2,1,0,0,18,1,1
1774052524227,audio,126,2098,0.06886099981784355,2,0,0,0,17,1,1
1774052524248,video,42,19855,0.11133200041513192,4,1,0,0,0,1,1
1774052524250,audio,127,2098,0.06684700019832235,2,0,0,0,16,1,1
1774052524274,audio,128,2098,0.07966100019984879,3,1,0,0,17,1,1
1774052524297,audio,129,2098,0.10711300001275958,2,1,0,0,16,1,1
1774052524315,video,43,19391,0.13479499921231763,4,0,0,0,0,1,1
1774052524320,audio,130,2098,0.08628399973531486,2,0,0,0,17,1,1
1774052524343,audio,131,2098,0.10719300007622223,2,0,0,0,16,1,1
1774052524367,audio,132,2098,0.08593300026404904,2,0,0,0,17,1,1
1774052524381,video,44,19317,0.10830600058397977,3,1,0,0,0,1,1
1774052524390,audio,133,2098,0.08667399924888741,2,0,0,0,17,1,1
1774052524413,audio,134,2098,0.10707399997045286,2,0,0,0,18,1,1
1774052524436,audio,135,2098,0.10740400011854945,2,0,0,0,17,1,1
1774052524448,video,45,19143,0.11093000011896947,3,0,0,0,0,1,1
1774052524460,audio,136,2098,0.09239500013791258,2,0,0,0,18,1,1
1774052524483,audio,137,2098,0.0800319994596066,2,0,0,0,17,1,1
1774052524506,audio,138,2098,0.07996200019988464,2,0,0,0,16,1,1
1774052524515,video,46,19108,0.10766400009742938,4,1,0,0,0,1,1
1774052524530,audio,139,2098,0.10458900032972451,3,1,0,0,17,1,1
1774052524553,audio,140,2098,0.10692300020309631,2,1,0,0,16,1,1
1774052524576,audio,141,2098,0.108565999653365,2,0,0,0,17,1,1
1774052524582,video,47,19048,0.140756999826408,4,0,0,0,0,1,1
1774052524599,audio,142,2098,0.10722300066845492,2,0,0,0,16,1,1
1774052524623,audio,143,2098,0.17093499991460703,2,0,0,0,17,1,1
1774052524647,audio,144,2098,0.10610200024530059,3,1,0,0,17,1,1
1774052524648,video,48,18809,0.10606100022414466,3,1,0,0,0,1,1
1774052524670,audio,145,2098,0.10230399948341073,3,0,0,0,18,1,1
1774052524693,audio,146,2098,0.10697299967432627,3,0,0,0,17,1,1
1774052524716,video,49,18907,0.13356399995245738,4,1,0,0,0,1,1
1774052524716,audio,147,2098,0.07548400026280433,2,1,0,0,18,1,1
1774052524740,audio,148,2098,0.08994099971459946,3,1,0,0,17,1,1
1774052524763,audio,149,2098,0.07573400034743827,3,0,0,0,16,1,1
1774052524782,video,50,18681,0.11068999992858153,4,0,0,0,0,1,1
1774052524786,audio,150,2098,0.07960099992487812,2,1,0,0,17,1,1
1774052524809,audio,151,2098,0.07271800041053211,2,0,0,0,16,1,1
1774052524832,audio,152,2098,0.0700330001563998,2,0,0,0,17,1,1
1774052524849,video,51,18617,0.10769400068966206,4,0,0,0,0,1,1
1774052524856,audio,153,2098,0.08525200064468663,3,1,0,0,16,1,1
1774052524879,audio,154,2098,0.14079700031288667,2,1,0,0,17,1,1
1774052524902,audio,155,2098,0.10823499997059116,2,0,0,0,17,1,1
1774052524915,video,52,18751,0.1070930002242676,3,1,0,0,0,1,1
1774052524925,audio,156,2098,0.1068619994839537,2,0,0,0,18,1,1
1774052524949,audio,157,2098,0.08680500013724668,2,0,0,0,17,1,1
1774052524972,audio,158,2098,0.10700300026655896,2,0,0,0,18,1,1
1774052524982,video,53,18375,0.1127440000345814,3,0,0,0,0,1,1
1774052524995,audio,159,2098,0.15894099942670437,2,0,0,0,17,1,1
1774052525018,audio,160,2098,0.09683400003268616,2,0,0,0,16,1,1
1774052525042,audio,161,2098,0.09286599924962502,2,0,0,0,17,1,1
1774052525048,video,54,18658,0.12935500035382574,3,0,0,0,0,1,1
1774052525065,audio,162,2098,0.0853020001159166,2,0,0,0,16,1,1
1774052525088,audio,163,2098,0.08649400024296483,2,0,0,0,17,1,1
1774052525112,audio,164,2098,0.08721599988348316,2,0,0,0,16,1,1
1774052525115,video,55,18418,0.11405700024624821,3,0,0,0,0,1,1
1774052525135,audio,165,2098,0.10736399963207077,2,0,0,0,17,1,1
1774052525159,audio,166,2098,0.10627199935697718,2,0,0,0,16,1,1
1774052525182,audio,167,2098,0.10989800011884654,2,0,0,0,17,1,1
1774052525183,video,56,18578,0.10991900035151048,3,0,0,0,0,1,1
1774052525205,audio,168,2098,0.11084000016126083,2,0,0,0,17,1,1
1774052525229,audio,169,2098,0.08722500024305191,3,1,0,0,18,1,1
1774052525250,video,57,18162,0.14359200031321961,4,1,0,0,0,1,1
1774052525252,audio,170,2098,0.08074300058069639,2,1,0,0,17,1,1
1774052525275,audio,171,2098,0.07888000072853174,2,0,0,0,16,1,1
1774052525298,audio,172,2098,0.0770759997976711,2,0,0,0,17,1,1
1774052525317,video,58,17815,0.11560900020413101,4,0,0,0,0,1,1
1774052525322,audio,173,2098,0.10695299988583429,3,1,0,0,16,1,1
1774052525345,audio,174,2098,0.10410699997009942,2,1,0,0,17,1,1
1774052525368,audio,175,2098,0.10714299969549756,2,0,0,0,16,1,1
1774052525384,video,59,18443,0.11290499969618395,4,0,0,0,0,1,1
1774052525392,audio,176,2098,0.10767399999167537,3,1,0,0,17,1,1
1774052525415,audio,177,2098,0.10624100013956195,2,1,0,0,16,1,1
1774052525438,audio,178,2098,0.10744399969553342,2,0,0,0,17,1,1
1774052525450,video,60,18864,0.11520899988681776,3,1,0,0,0,1,1
1774052525462,audio,179,2098,0.08687500030646333,3,1,0,0,17,1,1
1774052525485,audio,180,2098,0.1426799999535433,2,1,0,0,18,1,1
1774052525508,audio,181,2098,0.08656400041218149,2,0,0,0,17,1,1
1774052525517,video,61,18633,0.10861600003408967,4,1,0,0,0,1,1
1774052525531,audio,182,2098,0.09765499999048188,2,0,0,0,16,1,1
1774052525555,audio,183,2098,0.1080149995686952,3,1,0,0,17,1,1
1774052525578,audio,184,2098,0.10776399994938402,2,1,0,0,16,1,1
1774052525584,video,62,18642,0.12993600012123352,4,0,0,0,0,1,1
1774052525601,audio,185,2098,0.10603099963191198,2,0,0,0,17,1,1
1774052525624,audio,186,2098,0.1080250003724359,2,0,0,0,16,1,1
1774052525648,audio,187,2098,0.10900599954766221,2,0,0,0,17,1,1
1774052525650,video,63,18645,0.1304969991906546,3,1,0,0,0,1,1
1774052525671,audio,188,2098,0.10534000011830358,2,0,0,0,16,1,1
1774052525694,audio,189,2098,0.10631199984345585,2,0,0,0,17,1,1
1774052525718,audio,190,2098,0.157257999489957,3,1,0,0,17,1,1
1774052525717,video,64,18700,0.11148100020363927,3,0,0,0,0,1,1
1774052525741,audio,191,2098,0.09532100011711009,2,1,0,0,18,1,1
1774052525764,audio,192,2098,0.08209499992517522,2,0,0,0,17,1,1
1774052525784,video,65,18653,0.10691300030885031,4,1,0,0,0,1,1
1774052525787,audio,193,2098,0.07732700032647699,2,0,0,0,16,1,1
1774052525811,audio,194,2098,0.10563999967416748,2,0,0,0,17,1,1
1774052525834,audio,195,2098,0.07612500030518277,2,0,0,0,16,1,1
1774052525850,video,66,18609,0.12644899925362552,3,1,0,0,0,1,1
1774052525857,audio,196,2098,0.07717700009379769,2,0,0,0,17,1,1
1774052525881,audio,197,2098,0.0899500000741682,3,1,0,0,16,1,1
1774052525904,audio,198,2098,0.07173599988163915,2,1,0,0,17,1,1
1774052525917,video,67,18477,0.11216199982300168,3,0,0,0,0,1,1
1774052525927,audio,199,2098,0.07927099977678154,2,0,0,0,16,1,1
1774052525950,audio,200,2098,0.0731979998818133,2,0,0,0,17,1,1
1774052525974,audio,201,2098,0.09345700073026819,2,0,0,0,17,1,1
1774052525984,video,68,18595,0.1327520003542304,3,0,0,0,0,1,1
1774052525997,audio,202,2098,0.10483900041435845,2,0,0,0,18,1,1
1774052526020,audio,203,2098,0.08698500005266396,2,0,0,0,17,1,1
1774052526044,audio,204,2098,0.09518000024399953,3,1,0,0,16,1,1
1774052526051,video,69,18682,0.1716860006126808,4,1,0,0,0,1,1
1774052526067,audio,205,2098,0.07958100013638614,2,1,0,0,17,1,1
1774052526090,audio,206,2098,0.0943790000746958,2,0,0,0,16,1,1
1774052526113,audio,207,2098,0.1064020007106592,2,0,0,0,17,1,1
1774052526117,video,70,18688,0.13009700069233077,3,1,0,0,0,1,1
1774052526137,audio,208,2098,0.07849800022086129,3,1,0,0,16,1,1
1774052526160,audio,209,2098,0.10001000009651762,2,1,0,0,17,1,1
1774052526185,audio,210,2098,0.08183499994629528,4,2,0,0,16,1,1
1774052526186,video,71,18654,0.10194300011789892,5,2,0,0,0,1,1
1774052526207,audio,211,2098,0.08114400043268688,3,1,0,0,17,1,1
1774052526230,audio,212,2098,0.08221600000979379,2,1,0,0,17,1,1
1774052526252,video,72,18494,0.1274819996979204,5,0,0,0,0,1,1
1774052526253,audio,213,2098,0.08649399933347013,2,0,0,0,18,1,1
1774052526276,audio,214,2098,0.07863900009397184,2,0,0,0,17,1,1
1774052526300,audio,215,2098,0.07278799967025407,3,1,0,0,16,1,1
1774052526318,video,73,18669,0.11559900030988501,4,1,0,0,0,1,1
1774052526323,audio,216,2098,0.09882799986371538,2,1,0,0,17,1,1
1774052526346,audio,217,2098,0.09114299973589368,2,0,0,0,16,1,1
1774052526369,audio,218,2098,0.08663399967190344,2,0,0,0,17,1,1
1774052526385,video,74,18715,0.13270199997350574,4,0,0,0,0,1,1
1774052526393,audio,219,2098,0.11089100007666275,2,0,0,0,16,1,1
1774052526416,audio,220,2098,0.08092400003079092,2,0,0,0,17,1,1
1774052526439,audio,221,2098,0.096392999694217,2,0,0,0,16,1,1
1774052526451,video,75,18676,0.10677199952624505,3,1,0,0,0,1,1
1774052526463,audio,222,2098,0.08192499990400393,3,1,0,0,17,1,1
1774052526486,audio,223,2098,0.11284399988653604,2,1,0,0,17,1,1
1774052526509,audio,224,2098,0.07880999964982038,2,0,0,0,18,1,1
1774052526518,video,76,18661,0.13016699995205272,4,1,0,0,0,1,1
1774052526532,audio,225,2098,0.08773599984124303,2,0,0,0,17,1,1
1774052526556,audio,226,2098,0.09965900062525179,2,0,0,0,16,1,1
1774052526579,audio,227,2098,0.10677199952624505,2,0,0,0,17,1,1
1774052526585,video,77,18727,0.10499900054128375,4,0,0,0,0,1,1
1774052526602,audio,228,2098,0.10698300047806697,2,0,0,0,16,1,1
1774052526626,audio,229,2098,0.1058509997164947,3,1,0,0,17,1,1
1774052526649,audio,230,2098,0.10472899975866312,2,1,0,0,16,1,1
1774052526651,video,78,18708,0.1358579993393505,3,1,0,0,0,1,1
1774052526672,audio,231,2098,0.08649400024296483,2,0,0,0,17,1,1
1774052526695,audio,232,2098,0.08746500043343985,2,0,0,0,16,1,1
1774052526718,video,79,18745,0.13122899963491363,3,0,0,0,0,1,1
1774052526719,audio,233,2098,0.189428999874508,3,1,0,0,17,1,1
1774052526742,audio,234,2098,0.1074740002877661,2,1,0,0,17,1,1
1774052526765,audio,235,2098,0.1084060004359344,2,0,0,0,18,1,1
1774052526785,video,80,18747,0.1315990002694889,4,1,0,0,0,1,1
1774052526789,audio,236,2098,0.08589299977757037,3,1,0,0,17,1,1
1774052526812,audio,237,2098,0.10514000041439431,2,1,0,0,16,1,1
1774052526835,audio,238,2098,0.10736399963207077,2,0,0,0,17,1,1
1774052526852,video,81,18722,0.12858399986726,4,0,0,0,0,1,1
1774052526858,audio,239,2098,0.08556200009479653,2,0,0,0,16,1,1
1774052526882,audio,240,2098,0.08660499952384271,3,1,0,0,17,1,1
1774052526906,audio,241,2098,0.10742399990704143,3,0,0,0,16,1,1
1774052526924,video,82,18751,0.13285200020618504,9,5,0,0,0,1,1
1774052526928,audio,242,2098,0.10566099990683142,2,1,0,0,17,1,1
1774052526951,audio,243,2098,0.10599100005492801,2,0,0,0,16,1,1
1774052526975,audio,244,2098,0.14845100031379843,2,0,0,0,17,1,1
1774052526985,video,83,18708,0.13257199952931842,3,6,0,0,0,1,1
1774052526998,audio,245,2098,0.10821599971677642,2,0,0,0,16,1,1
1774052527021,audio,246,2098,0.1080150004781899,2,0,0,0,17,1,1
1774052527045,audio,247,2098,0.0870950007083593,3,1,0,0,17,1,1
1774052527052,video,84,18722,0.13815200054523302,4,1,0,0,0,1,1
1774052527068,audio,248,2098,0.0876359999892884,2,1,0,0,16,1,1
1774052527091,audio,249,2098,0.08509200051776133,2,0,0,0,17,1,1
1774052527114,audio,250,2098,0.10652199944161111,2,0,0,0,16,1,1
1774052527118,video,85,18740,0.13298199974087765,3,1,0,0,0,1,1
1774052527138,audio,251,2098,0.08659400009491947,2,0,0,0,17,1,1
1774052527161,audio,252,2098,0.10722399929363746,2,0,0,0,16,1,1
1774052527184,audio,253,2098,0.10937800016108667,2,0,0,0,17,1,1
1774052527185,video,86,18751,0.1314490000368096,3,0,0,0,0,1,1
1774052527208,audio,254,2098,0.10580100024526473,3,1,0,0,16,1,1
1774052527231,audio,255,2098,0.10698300047806697,2,1,0,0,17,1,1
1774052527252,video,87,18780,0.13192999995226273,4,1,0,0,0,1,1
1774052527254,audio,256,2098,0.07299800017790403,2,0,0,0,16,1,1
1774052527277,audio,257,2098,0.14250099957280327,2,0,0,0,17,1,1
1774052527301,audio,258,2098,0.08074299967120169,3,1,0,0,17,1,1
1774052527319,video,88,18778,0.1610649997019209,4,0,0,0,0,1,1
1774052527324,audio,259,2098,0.08347800030605868,2,1,0,0,16,1,1
1774052527347,audio,260,2098,0.09579199922882253,2,0,0,0,17,1,1
1774052527371,audio,261,2098,0.10577099965303205,3,1,0,0,16,1,1
1774052527385,video,89,18815,0.10640199980116449,3,1,0,0,0,1,1
1774052527394,audio,262,2098,0.1002709996100748,2,1,0,0,17,1,1
1774052527417,audio,263,2098,0.10670299980120035,2,0,0,0,16,1,1
1774052527440,audio,264,2098,0.10644199937814847,2,0,0,0,17,1,1
1774052527452,video,90,18809,0.13232099991000723,3,0,0,0,0,1,1
1774052527464,audio,265,2098,0.10649199975887313,3,1,0,0,16,1,1
1774052527487,audio,266,2098,0.08595300005254103,2,1,0,0,17,1,1
1774052527510,audio,267,2098,0.08739600070839515,2,0,0,0,16,1,1
1774052527519,video,91,18841,0.12945500020578038,4,1,0,0,0,1,1
1774052527533,audio,268,2098,0.10711300001275958,2,0,0,0,17,1,1
1774052527557,audio,269,2098,0.09183500060316874,2,0,0,0,17,1,1
1774052527580,audio,270,2098,0.108555999759119,2,0,0,0,16,1,1
1774052527585,video,92,18838,0.13240099997346988,3,1,0,0,0,1,1
1774052527603,audio,271,2098,0.1057800000126008,2,0,0,0,17,1,1
1774052527627,audio,272,2098,0.1061510001818533,3,1,0,0,16,1,1
1774052527650,audio,273,2098,0.10633199963194784,2,1,0,0,17,1,1
1774052527652,video,93,18808,0.1315790004809969,3,0,0,0,0,1,1
1774052527673,audio,274,2098,0.106000999949174,2,0,0,0,16,1,1
1774052527698,audio,275,2098,0.10728400047810283,4,2,0,0,17,1,1
1774052527720,audio,276,2098,0.11733199971786235,2,2,0,0,16,1,1
1774052527719,video,94,18832,0.10493899935681839,3,0,0,0,0,1,1
1774052527743,audio,277,2098,0.09668399980000686,2,0,0,0,17,1,1
1774052527766,audio,278,2098,0.07505200028390391,2,0,0,0,16,1,1
1774052527786,video,95,18841,0.1083959996321937,4,1,0,0,0,1,1
1774052527790,audio,279,2098,0.0736700003471924,3,1,0,0,17,1,1
1774052527813,audio,280,2098,0.07866899977670982,2,1,0,0,17,1,1
1774052527836,audio,281,2098,0.09304699960921425,2,0,0,0,16,1,1
1774052527852,video,96,18830,0.13099799980409443,3,1,0,0,0,1,1
1774052527859,audio,282,2098,0.10000899965234566,2,0,0,0,17,1,1
1774052527883,audio,283,2098,0.09230500018020393,2,0,0,0,16,1,1
1774052527906,audio,284,2098,0.1025040000968147,2,0,0,0,17,1,1
1774052527919,video,97,18839,0.10430800011818064,3,0,0,0,0,1,1
1774052527929,audio,285,2098,0.10011999984271824,2,0,0,0,16,1,1
1774052527953,audio,286,2098,0.07713700051681371,3,1,0,0,17,1,1
1774052527976,audio,287,2098,0.10077099977934267,2,1,0,0,16,1,1
1774052527986,video,98,18789,0.12023799990856787,3,0,0,0,0,1,1
1774052527999,audio,288,2098,0.07756699960737024,2,0,0,0,17,1,1
1774052528022,audio,289,2098,0.08177500058081932,2,0,0,0,16,1,1
1774052528046,audio,290,2098,0.07776700022077421,3,1,0,0,17,1,1
1774052528053,video,99,18819,0.16373099970223848,4,1,0,0,0,1,1
1774052528069,audio,291,2098,0.07969100079208147,2,1,0,0,17,1,1
1774052528092,audio,292,2098,0.0750620001781499,2,0,0,0,16,1,1
1774052528116,audio,293,2098,0.07449100030498812,3,1,0,0,17,1,1
1774052528119,video,100,18801,0.13167899942345684,3,1,0,0,0,1,1
1774052528139,audio,294,2098,0.09380800020153401,2,1,0,0,16,1,1
1774052528162,audio,295,2098,0.08100399918475887,2,0,0,0,17,1,1
1774052528186,audio,296,2098,0.14327099961519707,3,1,0,0,16,1,1
1774052528186,video,101,18821,0.21188199934840668,3,0,0,0,0,1,1
1774052528209,audio,297,2098,0.08164399969246006,3,0,0,0,17,1,1
1774052528232,audio,298,2098,0.09602200043445919,2,1,0,0,16,1,1
1774052528253,video,102,18833,0.09900799977913266,4,1,0,0,0,1,1
1774052528255,audio,299,2098,0.07508199996664189,2,0,0,0,17,1,1
1774052528278,audio,300,2098,0.07767699935357086,2,0,0,0,16,1,1
1774052528302,audio,301,2098,0.09706399941933341,2,0,0,0,17,1,1
1774052528319,video,103,18793,0.11627000003500143,3,1,0,0,0,1,1
1774052528325,audio,302,2098,0.07822799943824066,2,0,0,0,17,1,1
1774052528348,audio,303,2098,0.09355699967272813,2,0,0,0,16,1,1
1774052528372,audio,304,2098,0.08139399960782612,3,1,0,0,17,1,1
1774052528387,video,104,18842,0.10054100039269542,4,1,0,0,0,1,1
1774052528397,audio,305,2098,0.09703400064609013,4,1,0,0,16,1,1
1774052528418,audio,306,2098,0.079090000326687,2,2,0,0,17,1,1
1774052528441,audio,307,2098,0.08318799973494606,2,0,0,0,16,1,1
1774052528453,video,105,18869,0.10556000052019954,3,1,0,0,0,1,1
1774052528465,audio,308,2098,0.1288840003326186,2,0,0,0,17,1,1
1774052528488,audio,309,2098,0.08467099996778416,2,0,0,0,16,1,1
1774052528511,audio,310,2098,0.07877900043240516,2,0,0,0,17,1,1
1774052528520,video,106,18843,0.10548999944148818,4,1,0,0,0,1,1
1774052528535,audio,311,2098,0.08011200043256395,3,1,0,0,16,1,1
1774052528558,audio,312,2098,0.1341439992756932,2,1,0,0,15,1,1
1774052528581,audio,313,2098,0.09300700003223028,2,0,0,0,16,1,1
1774052528587,video,107,18850,0.1040580000335467,4,0,0,0,0,1,1
1774052528605,audio,314,2098,0.08189500022126595,3,1,0,0,16,1,1
1774052528628,audio,315,2098,0.07814799937477801,2,1,0,0,17,1,1
1774052528651,audio,316,2098,0.0899599999684142,2,0,0,0,16,1,1
1774052528653,video,108,18872,0.09108300037041772,3,1,0,0,0,1,1
1774052528674,audio,317,2098,0.08933899971452774,2,0,0,0,17,1,1
1774052528698,audio,318,2098,0.08697500015841797,3,1,0,0,16,1,1
1774052528719,video,109,18848,0.12171100024715997,3,0,0,0,0,1,1
1774052528721,audio,319,2098,0.08663399967190344,2,1,0,0,17,1,1
1774052528744,audio,320,2098,0.10337599997001234,2,0,0,0,16,1,1
1774052528767,audio,321,2098,0.09445999967283569,2,0,0,0,17,1,1
1774052528787,video,110,18873,0.10118200043507386,4,1,0,0,0,1,1
1774052528791,audio,322,2098,0.08347800030605868,2,0,0,0,16,1,1
1774052528814,audio,323,2098,0.09144399973592954,2,0,0,0,15,1,1
1774052528837,audio,324,2098,0.09378800041304203,2,0,0,0,16,1,1
1774052528854,video,111,18883,0.10599100005492801,4,0,0,0,0,1,1
1774052528861,audio,325,2098,0.08485099988320144,3,1,0,0,16,1,1
1774052528884,audio,326,2098,0.09261600007448578,2,1,0,0,17,1,1
1774052528907,audio,327,2098,0.08370900013687788,2,0,0,0,16,1,1
1774052528920,video,112,18862,0.13104899971949635,3,1,0,0,0,1,1
1774052528930,audio,328,2098,0.08170499950210797,2,0,0,0,17,1,1
1774052528954,audio,329,2098,0.12593900009960635,2,0,0,0,16,1,1
1774052528977,audio,330,2098,0.10692300020309631,2,0,0,0,17,1,1
1774052528987,video,113,18858,0.12417500056471908,4,1,0,0,0,1,1
1774052529000,audio,331,2098,0.08211599924834445,2,0,0,0,16,1,1
1774052529024,audio,332,2098,0.08429999979853164,3,1,0,0,17,1,1
1774052529047,audio,333,2098,0.09494999994785758,2,1,0,0,16,1,1
1774052529054,video,114,18906,0.11291399914625799,4,0,0,0,0,1,1
1774052529070,audio,334,2098,0.08121399969240883,2,0,0,0,15,1,1
1774052529093,audio,335,2098,0.09125399992626626,2,0,0,0,16,1,1
1774052529119,audio,336,2098,0.07864899998821784,5,3,0,0,16,1,1
1774052529120,video,115,18891,0.10589099929347867,3,1,0,0,0,1,1
1774052529140,audio,337,2098,0.07373000062216306,2,3,0,0,17,1,1
1774052529163,audio,338,2098,0.07880900011514314,2,0,0,0,16,1,1
1774052529187,audio,339,2098,0.1622180006961571,3,1,0,0,17,1,1
1774052529187,video,116,18901,0.19587099995987955,3,0,0,0,0,1,1
1774052529210,audio,340,2098,0.07270799960679142,2,1,0,0,16,1,1
1774052529233,audio,341,2098,0.08873899969330523,2,0,0,0,17,1,1
1774052529254,video,117,18882,0.10440799997013528,4,1,0,0,0,1,1
1774052529256,audio,342,2098,0.08967000030679628,2,0,0,0,16,1,1
1774052529280,audio,343,2098,0.09915800001181196,3,1,0,0,17,1,1
1774052529303,audio,344,2098,0.09470999975746963,2,1,0,0,16,1,1
1774052529321,video,118,18895,0.14435399953072192,4,0,0,0,0,1,1
1774052529326,audio,345,2098,0.09827700068854028,2,0,0,0,15,1,1
1774052529350,audio,346,2098,0.08091299969237298,3,1,0,0,16,1,1
1774052529373,audio,347,2098,0.09048199990502326,2,1,0,0,16,1,1
1774052529387,video,119,18922,0.10730300073191756,3,1,0,0,0,1,1
1774052529396,audio,348,2098,0.09325700011686422,2,0,0,0,17,1,1
1774052529419,audio,349,2098,0.11114100016129669,2,0,0,0,16,1,1
1774052529443,audio,350,2098,0.098937999609916,3,1,0,0,17,1,1
1774052529454,video,120,18918,0.1378010001644725,3,0,0,0,0,1,1
1774052529466,audio,351,2098,0.07706599990342511,2,1,0,0,16,1,1
1774052529489,audio,352,2098,0.09597200005373452,2,0,0,0,17,1,1
1774052529512,audio,353,2098,0.07607400038978085,2,0,0,0,16,1,1
1774052529521,video,121,18916,0.1027450007313746,4,1,0,0,0,1,1
1774052529536,audio,354,2098,0.1358679992335965,2,0,0,0,17,1,1
1774052529559,audio,355,2098,0.11858499965455849,2,0,0,0,16,1,1
1774052529582,audio,356,2098,0.07317900053749327,2,0,0,0,15,1,1
1774052529587,video,122,18898,0.12811299984605284,3,1,0,0,0,1,1
1774052529606,audio,357,2098,0.07408000055875164,3,1,0,0,16,1,1
1774052529629,audio,358,2098,0.07054399975459091,2,1,0,0,16,1,1
1774052529652,audio,359,2098,0.07581400041090092,2,0,0,0,17,1,1
1774052529655,video,123,18905,0.10703299994929694,4,1,0,0,0,1,1
1774052529675,audio,360,2098,0.07835900032659993,2,0,0,0,16,1,1
1774052529699,audio,361,2098,0.07810900024196599,2,0,0,0,17,1,1
1774052529721,video,124,18903,0.10728300003393088,4,0,0,0,0,1,1
1774052529722,audio,362,2098,0.08631399941805284,2,0,0,0,16,1,1
1774052529745,audio,363,2098,0.0846009997985675,2,0,0,0,17,1,1
1774052529769,audio,364,2098,0.07978099984029541,3,1,0,0,16,1,1
1774052529790,video,125,18927,0.10689299961086363,6,2,0,0,0,1,1
1774052529792,audio,365,2098,0.08006200005183928,2,1,0,0,17,1,1
1774052529815,audio,366,2098,0.0958419996095472,2,0,0,0,16,1,1
1774052529838,audio,367,2098,0.09583199971530121,2,0,0,0,15,1,1
1774052529854,video,126,18883,0.12279299971851287,3,3,0,0,0,1,1
1774052529862,audio,368,2098,0.076374999480322,2,0,0,0,16,1,1
1774052529885,audio,369,2098,0.07418099994538352,2,0,0,0,16,1,1
1774052529908,audio,370,2098,0.0750620001781499,2,0,0,0,17,1,1
1774052529921,video,127,18916,0.12968600003659958,3,0,0,0,0,1,1
1774052529932,audio,371,2098,0.0891090003278805,3,1,0,0,16,1,1
1774052529955,audio,372,2098,0.12860399965575198,2,1,0,0,17,1,1
1774052530034,audio,373,2098,0.1178640004582121,58,56,0,0,14,1,1
1774052530035,audio,374,2098,0.211010999919381,36,22,0,0,15,1,1
1774052530035,audio,375,2098,0.07777800055919215,13,23,0,0,16,1,1
1774052530035,video,128,18896,0.30687199978274293,50,47,0,0,0,1,1
1774052530443,audio,-1,0,0.0,0,0,0,1,0,1,0
1774052530493,audio,-1,0,0.0,0,0,0,1,0,1,0
1774052530543,audio,-1,0,0.0,0,0,0,1,0,1,0
1774052530593,audio,-1,0,0.0,0,0,0,1,0,1,0
1774052530643,audio,-1,0,0.0,0,0,0,1,0,1,0
1774052530693,audio,-1,0,0.0,0,0,0,1,0,1,0
1774052530744,audio,-1,0,0.0,0,0,0,1,0,1,0
1774052530794,audio,-1,0,0.0,0,0,0,1,0,1,0
1774052530844,audio,-1,0,0.0,0,0,0,1,0,1,0
1774052530894,audio,-1,0,0.0,0,0,0,1,0,1,0
